{"__type__":"cc.AnimationClip","_name":"bigstar_left","_duration":4,"wrapMode":2,"curveData":{"paths":{"LittleMarry_settle_accounts_win_starleft":{"props":{"position":[{"frame":0,"value":[451.59100341796875,-121.76200103759766,0]},{"frame":2,"value":[206.6719970703125,-38.17599868774414,0]},{"frame":4,"value":[451.59100341796875,-121.76200103759766,0]}]}}}}}