{"__type__":"cc.AnimationClip","_name":"bigstar_right","_duration":4,"wrapMode":2,"curveData":{"paths":{"LittleMarry_settle_accounts_win_star3":{"props":{"position":[{"frame":0,"value":[-486.031005859375,-77.80899810791016,0]},{"frame":2,"value":[-308.5979919433594,0,0]},{"frame":4,"value":[-486.031005859375,-77.80899810791016,0]}]}}}}}