{"__type__":"cc.AnimationClip","_name":"fish_bom_run","_duration":0.16666666666666666,"curveData":{"props":{"position":[{"frame":0,"value":[0,60]},{"frame":0.08333333333333333,"value":[0,30]},{"frame":0.16666666666666666,"value":[0,60]}]}}}