{"__type__":"cc.AnimationClip","_name":"fish_arrows_run","_duration":0.6666666666666666,"wrapMode":2,"curveData":{"props":{"y":[{"frame":0,"value":-160},{"frame":0.3333333333333333,"value":-200},{"frame":0.6666666666666666,"value":-160}]}}}